replicate,hours_weight
0,0.14022061422283405
1,0.14420332054204651
2,0.14138843562305772
3,0.1428215775392798
4,0.14437379841447556
5,0.14846855608883364
6,0.13533360680611622
7,0.14058462660667004
8,0.1377984780172468
9,0.14738965905760917
10,0.13784412838447851
11,0.15107103047015363
12,0.14244359618496433
13,0.1326745128549761
14,0.14251319913705632
15,0.16049190006213312
16,0.15275551347962898
17,0.15033817348073442
18,0.1339006577788846
19,0.13759636427715713
20,0.15183138872685492
21,0.1525182064233887
22,0.1412168432353737
23,0.15454796456873393
24,0.13518672241903854
25,0.1433375928509543
26,0.15105564239690297
27,0.12927262354200258
28,0.15809105905896778
29,0.12922637886701344
30,0.14028739939555027
31,0.14212903475214325
32,0.14953915903748943
33,0.13647101127798106
34,0.14601637864411057
35,0.15373080231021938
36,0.14290788410899885
37,0.1354048663962452
38,0.1619208059465989
39,0.1367153591988156
40,0.16038034446549526
41,0.14430239193224642
42,0.14829098342321848
43,0.14820042587524435
44,0.14288023156485213
45,0.1399923764230464
46,0.13985588679811764
47,0.14956916943323859
48,0.13380737611140608
49,0.13660820907845095
50,0.13096090775160404
51,0.14182920976946095
52,0.14680221721324566
53,0.1608186416085559
54,0.14683530704078526
55,0.1296289832037276
56,0.14685244134010011
57,0.1437128715900526
58,0.1442895899267521
59,0.1331792877170594
60,0.13438399298894926
61,0.14919332453451475
62,0.14157510543695193
63,0.14521309656498707
64,0.14407759439033627
65,0.1489155031248149
66,0.13867331093627275
67,0.14941836831550442
68,0.1439186990025781
69,0.1574581337901305
70,0.1355737238290212
71,0.13553386031123343
72,0.13768138822455275
73,0.1434832563549177
74,0.14050751249708054
75,0.13260031206847242
76,0.15374468294710758
77,0.1313466172785818
78,0.1339425381109914
79,0.1517620581525114
80,0.1417564724247085
81,0.1542557728412257
82,0.147048139339065
83,0.1441952081684843
84,0.14433425327101126
85,0.14330002309078071
86,0.15454674299276172
87,0.13875911559296428
88,0.14255901779318006
89,0.1394191063668515
90,0.13432363868380284
91,0.13778195774352864
92,0.14073872478868854
93,0.15384035228285703
94,0.14895843323990246
95,0.1438168339414727
96,0.14243149154687462
97,0.14861606052064139
98,0.15485863798569544
99,0.14684053265630181
100,0.14017264061617274
101,0.13343493254441022
102,0.14317891068598035
103,0.15419533975753638
104,0.1408437465120164
105,0.16349495615748877
106,0.1453607563775484
107,0.1508247760956243
108,0.14809300789253887
109,0.14469618725056566
110,0.14309474995392052
111,0.1445511185695098
112,0.13671599919215222
113,0.13894554817408986
114,0.14364035322215346
115,0.1392568729758262
116,0.15285153312662067
117,0.14610119040492928
118,0.13289321209057808
119,0.15301223001356148
120,0.12218022043868314
121,0.144245574897154
122,0.14702424303946085
123,0.1402826651054193
124,0.13863700964041029
125,0.14533886799887083
126,0.14349248203982254
127,0.14550965558029672
128,0.14006037409845118
129,0.13551236719513315
130,0.13753044828506755
131,0.1387207339786768
132,0.1452712175433401
133,0.1344998893087767
134,0.15490005487371394
135,0.1478028236898955
136,0.13144128014822085
137,0.14163848534988038
138,0.13905594577846536
139,0.13945598229143524
140,0.14021565769162375
141,0.14167512383394543
142,0.1425133093216484
143,0.14901351629659293
144,0.12099235264464003
145,0.1355493962803375
146,0.1485070733500778
147,0.14423337775852865
148,0.12798235649411668
149,0.13148705415109108
150,0.14918174864983375
151,0.14778528663871415
152,0.13855830445574738
153,0.15994162818233937
154,0.13882731089875877
155,0.15364319756577496
156,0.14333308899115563
157,0.16685088438809584
158,0.1521060881333435
159,0.15558707590007845
160,0.14380935659832111
161,0.1377112844863935
162,0.14596435043729303
163,0.13814775578992564
164,0.16165383308351813
165,0.139425925252616
166,0.14326686272911676
167,0.15832602773034776
168,0.14300264752819966
169,0.14629064990127214
170,0.13528102988451968
171,0.14224196805100403
172,0.14712190860992047
173,0.12825974297005036
174,0.14437467015019917
175,0.1498875439739243
176,0.1440562005540822
177,0.15014655776664815
178,0.14507088094426307
179,0.13659771275651877
180,0.13672247375061444
181,0.1376328692778433
182,0.139382030001201
183,0.14652958580538503
184,0.14009069580525885
185,0.14013969394098558
186,0.14078679518018444
187,0.1490983436432633
188,0.14440063251118923
189,0.15479177356857968
190,0.138720454367368
191,0.15048544904661915
192,0.1518399823682342
193,0.15493765621265057
194,0.1325466297348858
195,0.13710856201599958
196,0.14814271014454353
197,0.1378627510455775
198,0.13240389771500718
199,0.16299037068552996
