fold,neutralisation,selection_gap,accuracy_committee,f1_committee
0,0.0,0.21532717131109053,0.8745,0.8692435583568343
0,0.25,0.16534794392747182,0.8725,0.867159790362521
0,0.5,0.12161611996680544,0.8745,0.8692435583568343
0,0.75,0.07163689258318678,0.8605,0.8546571823966405
0,1.0,0.02374013300721889,0.8485,0.8421545744307601
1,0.0,0.24375000000000002,0.892,0.8874529881752691
1,0.25,0.1916666666666667,0.881,0.8759898666005279
1,0.5,0.1375,0.872,0.866610948948467
1,0.75,0.06458333333333333,0.858,0.8520215214897056
1,1.0,0.008333333333333304,0.841,0.8343057881469238
2,0.0,0.2242603420803898,0.8795,0.8744003725253682
2,0.25,0.17423944793606494,0.8795,0.8744003725253682
2,0.5,0.1137975341783391,0.8745,0.8691887697255909
2,0.75,0.04710300865257255,0.8585,0.8525116407663036
2,1.0,0.017507312950513665,0.8425,0.8358345118070165
3,0.0,0.21875,0.892,0.8875
3,0.25,0.1645833333333333,0.888,0.8833333333333333
3,0.5,0.11041666666666666,0.879,0.8739583333333334
3,0.75,0.054166666666666696,0.864,0.8583333333333334
3,1.0,0.002083333333333326,0.852,0.8458333333333333
4,0.0,0.21666666666666667,0.9,0.8958333333333333
4,0.25,0.17291666666666666,0.895,0.890625
4,0.5,0.125,0.892,0.8875
4,0.75,0.08541666666666664,0.881,0.8760416666666666
4,1.0,0.024999999999999967,0.863,0.8572916666666667
