fold,epsilon,feasible,selection_gap,objective,remote_grants,centre_grants,remote_rate,centre_rate,feasible_allocations,accuracy,f1_macro,centre_tp,centre_fn,centre_fp,centre_tn,centre_tpr_committee,centre_fpr_committee,remote_tp,remote_fn,remote_fp,remote_tn,remote_tpr_committee,remote_fpr_committee,tpr_gap_committee,fpr_gap_committee
0,0.0,False,,,,,,,,,,,,,,,,,,,,,,,
0,0.005,True,0.004997922738361868,650.9955397411475,318.0,482.0,0.3970037453183521,0.40200166805671395,5.0,0.8485,0.8421545744307601,441.0,139.0,41.0,578.0,0.7603448275862069,0.06623586429725363,207.0,12.0,111.0,471.0,0.9452054794520548,0.19072164948453607,0.18486065186584788,0.12448578518728244
0,0.01,True,0.009162858353663426,652.0781352212034,316.0,484.0,0.3945068664169788,0.4036697247706422,10.0,0.8495,0.8431964584279168,442.0,138.0,42.0,577.0,0.7620689655172413,0.06785137318255251,207.0,12.0,109.0,473.0,0.9452054794520548,0.1872852233676976,0.18313651393481345,0.11943385018514509
0,0.02,True,0.019575197391917317,654.6836947748081,311.0,489.0,0.3882646691635456,0.4078398665554629,20.0,0.8535,0.8473639944165436,446.0,134.0,43.0,576.0,0.7689655172413793,0.06946688206785137,207.0,12.0,104.0,478.0,0.9452054794520548,0.17869415807560138,0.1762399622106755,0.10922727600775001
0,0.05,True,0.048729746699028215,661.5456939943522,297.0,503.0,0.3707865168539326,0.4195162635529608,48.0,0.8615,0.8556990663937972,455.0,125.0,48.0,571.0,0.7844827586206896,0.07754442649434572,206.0,13.0,91.0,491.0,0.9406392694063926,0.1563573883161512,0.15615651078570303,0.07881296182180549
0,0.1,True,0.0987089740826469,671.3577098408169,273.0,527.0,0.3408239700374532,0.4395329441201001,96.0,0.8695,0.8640341383710508,469.0,111.0,58.0,561.0,0.8086206896551724,0.09369951534733441,200.0,19.0,73.0,509.0,0.91324200913242,0.1254295532646048,0.10462131947724762,0.0317300379172704
0,0.15,True,0.14868820146626557,678.2839780875869,249.0,551.0,0.31086142322097376,0.45954962468723937,144.0,0.8745,0.8692435583568343,485.0,95.0,66.0,553.0,0.8362068965517241,0.10662358642972536,189.0,30.0,60.0,522.0,0.863013698630137,0.10309278350515463,0.026806802078412906,0.003530802924570725
0,0.2,True,0.19866742884988425,681.3726267446646,225.0,575.0,0.2808988764044944,0.47956630525437866,192.0,0.8725,0.867159790362521,497.0,83.0,78.0,541.0,0.8568965517241379,0.1260096930533118,175.0,44.0,50.0,532.0,0.7990867579908676,0.0859106529209622,0.05780979373327033,0.040099040132349606
0,0.25,True,0.2153271713110905,681.522491616688,217.0,583.0,0.27091136079900124,0.48623853211009177,240.0,0.8745,0.8692435583568343,503.0,77.0,80.0,539.0,0.8672413793103448,0.12924071082390953,171.0,48.0,46.0,536.0,0.7808219178082192,0.07903780068728522,0.08641946150212565,0.05020291013662431
0,,True,0.2153271713110905,681.522491616688,217.0,583.0,0.27091136079900124,0.48623853211009177,801.0,0.8745,0.8692435583568343,503.0,77.0,80.0,539.0,0.8672413793103448,0.12924071082390953,171.0,48.0,46.0,536.0,0.7808219178082192,0.07903780068728522,0.08641946150212565,0.05020291013662431
1,0.0,True,0.0,648.7350137247588,320.0,480.0,0.4,0.4,1.0,0.846,0.8395162979536244,439.0,141.0,41.0,579.0,0.756896551724138,0.06612903225806452,206.0,12.0,114.0,468.0,0.944954128440367,0.1958762886597938,0.18805757671622902,0.1297472564017293
1,0.005,True,0.004166666666666667,649.7558016277886,318.0,482.0,0.3975,0.40166666666666667,5.0,0.847,0.8405583999149644,441.0,139.0,41.0,579.0,0.7603448275862069,0.06612903225806452,205.0,13.0,113.0,469.0,0.9403669724770642,0.19415807560137457,0.18002214489085733,0.12802904334331006
1,0.01,True,0.008333333333333333,650.7685379351699,316.0,484.0,0.395,0.4033333333333333,9.0,0.849,0.8426426038376447,443.0,137.0,41.0,579.0,0.7637931034482759,0.06612903225806452,205.0,13.0,111.0,471.0,0.9403669724770642,0.19072164948453607,0.17657386902878835,0.12459261722647155
1,0.02,True,0.01875,653.22582853847,311.0,489.0,0.38875,0.4075,19.0,0.85,0.8436847057989847,445.0,135.0,44.0,576.0,0.7672413793103449,0.07096774193548387,204.0,14.0,107.0,475.0,0.9357798165137615,0.18384879725085912,0.16853843720341666,0.11288105531537525
1,0.05,True,0.05,660.1713311081711,296.0,504.0,0.37,0.42,49.0,0.858,0.8520215214897056,455.0,125.0,49.0,571.0,0.7844827586206896,0.07903225806451612,202.0,16.0,94.0,488.0,0.926605504587156,0.16151202749140894,0.14212274596646635,0.08247976942689282
1,0.1,True,0.1,669.7369263509017,272.0,528.0,0.34,0.44,97.0,0.87,0.8645267450257869,471.0,109.0,57.0,563.0,0.8120689655172414,0.09193548387096774,198.0,20.0,74.0,508.0,0.908256880733945,0.12714776632302405,0.09618791521670356,0.03521228245205631
1,0.15,True,0.15,676.7120488076471,248.0,552.0,0.31,0.46,145.0,0.88,0.8749477646391879,488.0,92.0,64.0,556.0,0.8413793103448276,0.1032258064516129,191.0,27.0,57.0,525.0,0.8761467889908257,0.0979381443298969,0.03476747864599805,0.005287662121715997
1,0.2,True,0.2,680.7867763556865,224.0,576.0,0.28,0.48,193.0,0.888,0.8832845803299086,505.0,75.0,71.0,549.0,0.8706896551724138,0.11451612903225807,182.0,36.0,42.0,540.0,0.8348623853211009,0.07216494845360824,0.035827269851312904,0.042351180578649825
1,0.25,True,0.24375,681.9297892525406,203.0,597.0,0.25375,0.4975,241.0,0.892,0.8874529881752691,516.0,64.0,81.0,539.0,0.8896551724137931,0.13064516129032258,175.0,43.0,28.0,554.0,0.8027522935779816,0.048109965635738834,0.08690287883581149,0.08253519565458375
1,,True,0.24375,681.9297892525406,203.0,597.0,0.25375,0.4975,801.0,0.892,0.8874529881752691,516.0,64.0,81.0,539.0,0.8896551724137931,0.13064516129032258,175.0,43.0,28.0,554.0,0.8027522935779816,0.048109965635738834,0.08690287883581149,0.08253519565458375
2,0.0,False,,,,,,,,,,,,,,,,,,,,,,,
2,0.005,True,0.0033347262762883248,645.3975819700765,318.0,482.0,0.3979974968710889,0.4013322231473772,4.0,0.8565,0.8504269996463927,451.0,129.0,31.0,590.0,0.7775862068965518,0.0499194847020934,204.0,13.0,114.0,468.0,0.9400921658986175,0.1958762886597938,0.16250595900206577,0.14595680395770042
2,0.01,True,0.009587338044328934,646.8583085836676,315.0,485.0,0.39424280350438046,0.4038301415487094,10.0,0.8585,0.8525116407663036,453.0,127.0,32.0,589.0,0.7810344827586206,0.05152979066022544,204.0,13.0,111.0,471.0,0.9400921658986175,0.19072164948453607,0.1590576831399969,0.13919185882431062
2,0.02,True,0.017924153735049745,648.7717682566216,311.0,489.0,0.38923654568210264,0.4071606994171524,19.0,0.8615,0.85563860244617,456.0,124.0,33.0,588.0,0.7862068965517242,0.05314009661835749,204.0,13.0,107.0,475.0,0.9400921658986175,0.18384879725085912,0.1538852693468934,0.13070870063250162
2,0.05,True,0.04918721257525279,655.4809846898866,296.0,504.0,0.3704630788485607,0.4196502914238135,48.0,0.8625,0.8566809230061254,463.0,117.0,41.0,580.0,0.7982758620689655,0.06602254428341385,198.0,19.0,98.0,484.0,0.9124423963133641,0.16838487972508592,0.1141665342443986,0.10236233544167207
2,0.1,True,0.09920810671957765,664.0440946426088,272.0,528.0,0.3404255319148936,0.43963363863447125,96.0,0.8715,0.8660618080457245,479.0,101.0,49.0,572.0,0.8258620689655173,0.07890499194847021,191.0,26.0,81.0,501.0,0.880184331797235,0.13917525773195877,0.054322262831717705,0.060270265783488555
2,0.15,True,0.14922900086390253,669.8708487458559,248.0,552.0,0.31038798498122655,0.45961698584512906,144.0,0.8775,0.8723157314054573,492.0,88.0,60.0,561.0,0.8482758620689655,0.0966183574879227,184.0,33.0,64.0,518.0,0.847926267281106,0.10996563573883161,0.000349594787859564,0.013347278250908909
2,0.2,True,0.1992498950082274,673.2255213165912,224.0,576.0,0.28035043804755944,0.47960033305578686,192.0,0.8825,0.8775273342052344,506.0,74.0,70.0,551.0,0.8724137931034482,0.11272141706924316,175.0,42.0,49.0,533.0,0.8064516129032258,0.08419243986254296,0.06596218020022249,0.028528977206700196
2,0.25,True,0.22426034208038984,673.8142135880755,212.0,588.0,0.26533166458072593,0.48959200666111574,240.0,0.8795,0.8744003725253682,511.0,69.0,77.0,544.0,0.8810344827586207,0.12399355877616747,167.0,50.0,45.0,537.0,0.7695852534562212,0.07731958762886598,0.11144922930239953,0.046673971147301485
2,,True,0.22426034208038984,673.8142135880755,212.0,588.0,0.26533166458072593,0.48959200666111574,800.0,0.8795,0.8744003725253682,511.0,69.0,77.0,544.0,0.8810344827586207,0.12399355877616747,167.0,50.0,45.0,537.0,0.7695852534562212,0.07731958762886598,0.11144922930239953,0.046673971147301485
3,0.0,True,0.0,639.5603907105145,320.0,480.0,0.4,0.4,1.0,0.856,0.85,447.0,134.0,33.0,586.0,0.7693631669535284,0.05331179321486268,209.0,10.0,111.0,470.0,0.954337899543379,0.19104991394148021,0.18497473258985064,0.13773812072661754
3,0.005,True,0.004166666666666667,640.57418661099,318.0,482.0,0.3975,0.40166666666666667,5.0,0.857,0.8510416666666667,448.0,133.0,34.0,585.0,0.7710843373493976,0.05492730210016155,209.0,10.0,109.0,472.0,0.954337899543379,0.18760757314974183,0.18325356219398137,0.13268027104958027
3,0.01,True,0.008333333333333333,641.5508954056492,316.0,484.0,0.395,0.4033333333333333,9.0,0.859,0.8531249999999999,450.0,131.0,34.0,585.0,0.774526678141136,0.05492730210016155,209.0,10.0,107.0,474.0,0.954337899543379,0.18416523235800344,0.17981122140224304,0.1292379302578419
3,0.02,True,0.01875,643.9258040789534,311.0,489.0,0.38875,0.4075,19.0,0.864,0.8583333333333334,455.0,126.0,34.0,585.0,0.7831325301204819,0.05492730210016155,209.0,10.0,102.0,479.0,0.954337899543379,0.17555938037865748,0.1712053694228971,0.12063207827849592
3,0.05,True,0.05,650.4121149974056,296.0,504.0,0.37,0.42,49.0,0.872,0.8666666666666667,464.0,117.0,40.0,579.0,0.7986230636833046,0.06462035541195477,208.0,11.0,88.0,493.0,0.9497716894977168,0.1514629948364888,0.15114862581441224,0.08684263942453405
3,0.1,True,0.1,658.9950810787014,272.0,528.0,0.34,0.44,97.0,0.884,0.8791666666666667,483.0,98.0,45.0,574.0,0.8313253012048193,0.07269789983844911,201.0,18.0,71.0,510.0,0.9178082191780822,0.12220309810671257,0.08648291797326291,0.04950519826826345
3,0.15,True,0.15,665.0527860280902,248.0,552.0,0.31,0.46,145.0,0.889,0.8843749999999999,494.0,87.0,58.0,561.0,0.8502581755593803,0.09369951534733441,195.0,24.0,53.0,528.0,0.8904109589041096,0.09122203098106713,0.04015278334472927,0.0024774843662672824
3,0.2,True,0.2,667.9508644809035,224.0,576.0,0.28,0.48,193.0,0.894,0.8895833333333334,509.0,72.0,67.0,552.0,0.8760757314974182,0.10823909531502424,185.0,34.0,39.0,542.0,0.8447488584474886,0.06712564543889846,0.03132687304992965,0.04111344987612578
3,0.25,True,0.21875,668.2556515562701,215.0,585.0,0.26875,0.4875,241.0,0.892,0.8875,512.0,69.0,73.0,546.0,0.8812392426850258,0.11793214862681745,180.0,39.0,35.0,546.0,0.821917808219178,0.060240963855421686,0.05932143446584781,0.05769118477139576
3,,True,0.21875,668.2556515562701,215.0,585.0,0.26875,0.4875,801.0,0.892,0.8875,512.0,69.0,73.0,546.0,0.8812392426850258,0.11793214862681745,180.0,39.0,35.0,546.0,0.821917808219178,0.060240963855421686,0.05932143446584781,0.05769118477139576
4,0.0,True,0.0,645.8172913979597,320.0,480.0,0.4,0.4,1.0,0.858,0.8520833333333333,450.0,131.0,30.0,589.0,0.774526678141136,0.048465266558966075,208.0,11.0,112.0,469.0,0.9497716894977168,0.1927710843373494,0.17524501135658088,0.14430581777838333
4,0.005,True,0.004166666666666667,646.8323139911138,318.0,482.0,0.3975,0.40166666666666667,5.0,0.86,0.8541666666666666,452.0,129.0,30.0,589.0,0.7779690189328744,0.048465266558966075,208.0,11.0,110.0,471.0,0.9497716894977168,0.18932874354561102,0.17180267056484244,0.14086347698664495
4,0.01,True,0.008333333333333333,647.8348577039027,316.0,484.0,0.395,0.4033333333333333,9.0,0.862,0.85625,454.0,127.0,30.0,589.0,0.7814113597246127,0.048465266558966075,208.0,11.0,108.0,473.0,0.9497716894977168,0.18588640275387264,0.1683603297731041,0.13742113619490656
4,0.02,True,0.01875,650.2832149563494,311.0,489.0,0.38875,0.4075,19.0,0.866,0.8604166666666666,458.0,123.0,31.0,588.0,0.7882960413080895,0.050080775444264945,208.0,11.0,103.0,478.0,0.9497716894977168,0.17728055077452667,0.16147564818962734,0.12719977533026172
4,0.05,True,0.05,656.9154501084131,296.0,504.0,0.37,0.42,49.0,0.879,0.8739583333333334,471.0,110.0,33.0,586.0,0.810671256454389,0.05331179321486268,208.0,11.0,88.0,493.0,0.9497716894977168,0.1514629948364888,0.13910043304332786,0.09815120162162613
4,0.1,True,0.1,665.6334360628887,272.0,528.0,0.34,0.44,97.0,0.891,0.8864583333333333,487.0,94.0,41.0,578.0,0.8382099827882961,0.06623586429725363,204.0,15.0,68.0,513.0,0.9315068493150684,0.11703958691910499,0.09329686652677238,0.05080372262185136
4,0.15,True,0.15,671.6138258272205,248.0,552.0,0.31,0.46,145.0,0.893,0.8885416666666667,499.0,82.0,53.0,566.0,0.8588640275387264,0.08562197092084006,194.0,25.0,54.0,527.0,0.8858447488584474,0.09294320137693632,0.026980721319721068,0.007321230456096256
4,0.2,True,0.2,674.7538656814204,224.0,576.0,0.28,0.48,193.0,0.898,0.89375,512.0,69.0,64.0,555.0,0.8812392426850258,0.10339256865912763,186.0,33.0,38.0,543.0,0.8493150684931506,0.06540447504302926,0.03192417419187521,0.03798809361609837
4,0.25,True,0.21666666666666667,674.9375564246338,216.0,584.0,0.27,0.4866666666666667,241.0,0.9,0.8958333333333333,517.0,64.0,67.0,552.0,0.8898450946643718,0.10823909531502424,183.0,36.0,33.0,548.0,0.8356164383561644,0.05679862306368331,0.05422865630820739,0.05144047225134093
4,,True,0.21666666666666667,674.9375564246338,216.0,584.0,0.27,0.4866666666666667,801.0,0.9,0.8958333333333333,517.0,64.0,67.0,552.0,0.8898450946643718,0.10823909531502424,183.0,36.0,33.0,548.0,0.8356164383561644,0.05679862306368331,0.05422865630820739,0.05144047225134093
