epsilon,feasible,selection_gap,objective,remote_grants,centre_grants,remote_rate,centre_rate,feasible_allocations,changes_vs_recommendation
0.0,False,,,,,,,,
0.005,True,0.00020716715489059502,51753.44525289835,651.0,949.0,0.3998771498771499,0.40008431703204045,10.0,0.0
0.01,True,0.00020716715489059502,51753.44525289835,651.0,949.0,0.3998771498771499,0.40008431703204045,19.0,0.0
0.02,True,0.00020716715489059502,51753.44525289835,651.0,949.0,0.3998771498771499,0.40008431703204045,39.0,0.0
0.05,True,0.00020716715489059502,51753.44525289835,651.0,949.0,0.3998771498771499,0.40008431703204045,97.0,0.0
0.1,True,0.00020716715489059502,51753.44525289835,651.0,949.0,0.3998771498771499,0.40008431703204045,193.0,0.0
0.15,True,0.00020716715489059502,51753.44525289835,651.0,949.0,0.3998771498771499,0.40008431703204045,290.0,0.0
0.2,True,0.00020716715489059502,51753.44525289835,651.0,949.0,0.3998771498771499,0.40008431703204045,386.0,0.0
0.25,True,0.00020716715489059502,51753.44525289835,651.0,949.0,0.3998771498771499,0.40008431703204045,483.0,0.0
,True,0.00020716715489059502,51753.44525289835,651.0,949.0,0.3998771498771499,0.40008431703204045,1601.0,0.0
