epsilon,feasible_folds,complete,selection_gap,selection_gap_se,accuracy,accuracy_se,f1_macro,f1_macro_se,objective,objective_se,tpr_gap_committee,tpr_gap_committee_se,fpr_gap_committee,fpr_gap_committee_se,nondomine_accuracy,nondomine_f1_macro,nondomine_objective
0.0,3,False,,,,,,,,,,,,,,,
0.005,5,True,0.004166529802930039,0.000262974464179946,0.8538,0.002552449803620043,0.8476696614650902,0.0026661829958329174,646.7110847882234,1.830687852794845,0.17648899770351895,0.004158209281551945,0.1344030761049036,0.003982300948563178,True,True,True
0.01,5,True,0.008750039279598472,0.00026385794912122486,0.8556000000000001,0.002661766330841232,0.849545140606373,0.002779581220364038,647.8181469699186,1.8310149903142519,0.17338792345578918,0.0043420991915045365,0.12997547853773514,0.003748496933573341,True,True,True
0.02,5,True,0.018749870225393414,0.0002610529357000402,0.859,0.00309434968935316,0.8530874605323397,0.0032319856901172825,650.1780621210404,1.8797480671971196,0.166268937274702,0.003906860518071427,0.12012977711287691,0.004083866440848332,True,True,True
0.05,5,True,0.0495833918548562,0.00026517495295145626,0.8666,0.0038710463701691787,0.8610053021779258,0.004045965724395368,656.9051149796458,1.954359793595324,0.14053896997086163,0.007268271731520431,0.08972978154730611,0.004530877135083916,True,True,True
0.1,5,True,0.0995834161604449,0.0002670329951488394,0.8772,0.0043606192220830235,0.8720495382885124,0.00455499099211916,665.9534495951835,2.187323279382088,0.08698225640514083,0.008667985695334486,0.04550430140858601,0.005281007165910834,True,True,True
0.15,5,True,0.1495834404660336,0.00026903957276573496,0.8827999999999999,0.003516390194503449,0.877884744213629,0.0036742568094276793,672.3066974992801,2.389222314026485,0.025811476035344172,0.006843055908117068,0.006392891623911834,0.001923132916801814,True,True,True
0.2,5,True,0.1995834647716223,0.00027119138872803625,0.8869999999999999,0.004480513363443968,0.8822610076461995,0.004675016189851924,675.6179309158532,2.500876120492099,0.044570058205322116,0.007227206113150755,0.038016148281984755,0.002477210353547999,True,True,True
0.25,5,True,0.22375083601162943,0.005226748988512205,0.8876,0.004635191473930716,0.8828860504781609,0.004836847656532905,676.0919404876416,2.5641707273199223,0.07966433208287838,0.010414209306020007,0.057708746792249244,0.006456578020492516,True,True,True
,5,True,0.22375083601162943,0.005226748988512205,0.8876,0.004635191473930716,0.8828860504781609,0.004836847656532905,676.0919404876416,2.5641707273199223,0.07966433208287838,0.010414209306020007,0.057708746792249244,0.006456578020492516,True,True,True
