variant,fold,n,grants,centre_n,remote_n,centre_grants,remote_grants,centre_rate,remote_rate,gap,signed_gap,tp,tn,fp,fn,f1_macro,accuracy
comite_top40,0,2000,800,1199,801,583,217,0.48623853211009177,0.27091136079900124,0.21532717131109053,0.21532717131109053,674,1075,126,125,0.8692435583568343,0.8745
neutralisee_top40,0,2000,800,1199,801,491,309,0.40950792326939117,0.3857677902621723,0.02374013300721889,0.02374013300721889,648,1049,152,151,0.8421545744307601,0.8485
pareto_eps0005_top40,0,2000,800,1199,801,482,318,0.40200166805671395,0.3970037453183521,0.00499792273836186,0.00499792273836186,648,1049,152,151,0.8421545744307601,0.8485
comite_top40,1,2000,800,1200,800,597,203,0.4975,0.25375,0.24375000000000002,0.24375000000000002,691,1093,109,107,0.8874529881752691,0.892
neutralisee_top40,1,2000,800,1200,800,484,316,0.4033333333333333,0.395,0.008333333333333304,0.008333333333333304,640,1042,160,158,0.8343057881469238,0.841
pareto_eps0005_top40,1,2000,800,1200,800,482,318,0.40166666666666667,0.3975,0.004166666666666652,0.004166666666666652,646,1048,154,152,0.8405583999149644,0.847
comite_top40,2,2000,800,1201,799,588,212,0.48959200666111574,0.26533166458072593,0.2242603420803898,0.2242603420803898,678,1081,122,119,0.8744003725253682,0.8795
neutralisee_top40,2,2000,800,1201,799,472,328,0.3930058284762698,0.41051314142678347,0.017507312950513665,-0.017507312950513665,641,1044,159,156,0.8358345118070165,0.8425
pareto_eps0005_top40,2,2000,800,1201,799,482,318,0.4013322231473772,0.3979974968710889,0.0033347262762883356,0.0033347262762883356,655,1058,145,142,0.8504269996463927,0.8565
comite_top40,3,2000,800,1200,800,585,215,0.4875,0.26875,0.21875,0.21875,692,1092,108,108,0.8875,0.892
neutralisee_top40,3,2000,800,1200,800,479,321,0.39916666666666667,0.40125,0.002083333333333326,-0.002083333333333326,652,1052,148,148,0.8458333333333333,0.852
pareto_eps0005_top40,3,2000,800,1200,800,482,318,0.40166666666666667,0.3975,0.004166666666666652,0.004166666666666652,657,1057,143,143,0.8510416666666667,0.857
comite_top40,4,2000,800,1200,800,584,216,0.4866666666666667,0.27,0.21666666666666667,0.21666666666666667,700,1100,100,100,0.8958333333333333,0.9
neutralisee_top40,4,2000,800,1200,800,492,308,0.41,0.385,0.024999999999999967,0.024999999999999967,663,1063,137,137,0.8572916666666667,0.863
pareto_eps0005_top40,4,2000,800,1200,800,482,318,0.40166666666666667,0.3975,0.004166666666666652,0.004166666666666652,660,1060,140,140,0.8541666666666666,0.86
